foto00088.png,496,261,737,411
foto00117.png,519,258,740,414
foto00204.png,597,269,686,341
foto00233.png,614,293,690,351
foto00262.png,434,226,728,472
foto00291.png,447,327,727,567
foto00320.png,473,540,720,708
foto00349.png,455,447,650,590
foto00378.png,612,312,772,418
foto00987.png,382,127,916,581
foto01016.png,202,122,752,634
foto01045.png,347,155,839,612
foto01074.png,326,151,846,606
foto01103.png,318,112,862,606
foto01161.png,712,322,1280,718
foto01190.png,590,201,1098,620
foto01219.png,593,189,1071,605
foto01248.png,601,218,1104,618
foto01277.png,607,235,1107,640
foto01306.png,747,369,1233,720
foto01335.png,643,185,1132,593
foto01364.png,608,97,1114,506
foto01393.png,568,115,1054,525
foto01422.png,530,93,1027,511
foto01451.png,601,3,1186,472
foto01480.png,534,7,1079,498
foto01509.png,491,1,1044,472
foto01538.png,465,1,1026,484
foto01567.png,441,33,1016,506
foto01596.png,471,25,1034,510
foto01625.png,551,50,1057,484
foto01654.png,590,70,1051,463
foto01683.png,585,58,1020,417
foto01712.png,506,1,1032,456
foto01741.png,409,118,1023,490
foto01770.png,342,189,915,582
foto01799.png,409,241,911,662
foto01828.png,383,262,843,664
foto01857.png,399,238,858,648
foto01886.png,384,196,859,574
foto01915.png,427,196,870,557
foto01944.png,387,196,848,567
foto01973.png,423,193,866,575
foto02002.png,382,201,855,589
foto02031.png,408,203,894,606
foto02060.png,370,220,1064,719
foto02756.png,242,84,1032,682
foto02785.png,277,78,1015,668
foto02814.png,286,91,1048,635
foto02843.png,639,24,1280,656
foto02872.png,707,21,1280,611
foto04235.png,35,5,1280,685
foto04264.png,54,4,1280,694
foto04293.png,52,1,1280,712
foto04322.png,28,3,1280,703
foto04351.png,15,4,1280,703
foto04380.png,6,7,1280,715
foto04409.png,198,48,1113,620
foto04438.png,315,119,939,541
foto04467.png,194,42,813,440
foto04496.png,90,1,747,300
foto04670.png,559,390,796,526
foto04699.png,585,450,816,590
foto04728.png,570,453,784,572
foto04757.png,572,431,778,561
foto04786.png,591,119,775,257
foto04815.png,568,218,771,347
foto04844.png,554,261,772,395
foto04873.png,544,276,786,439
foto04902.png,447,283,721,448
foto04931.png,323,240,879,504
foto04960.png,369,205,952,497
foto04989.png,373,18,942,321
foto05018.png,327,24,868,319
foto05047.png,400,31,949,321
foto05076.png,358,47,989,336
foto05105.png,327,41,959,271
foto05134.png,204,24,830,222
foto05163.png,132,61,1030,418
foto05192.png,220,51,1030,410
foto05221.png,227,7,1072,376
foto05250.png,217,1,1077,341
foto05279.png,255,14,1025,353
foto05308.png,247,1,1027,306
foto05337.png,302,7,1049,374
foto05366.png,142,112,958,467
foto05395.png,155,324,911,668
foto05424.png,296,301,971,628
foto05453.png,423,299,758,500
foto05482.png,454,143,782,331
foto05511.png,454,128,776,324
foto05540.png,447,171,783,396
foto05569.png,461,163,784,354
foto05598.png,459,145,789,351
foto05627.png,458,141,801,346
foto05656.png,427,127,782,343
foto05685.png,442,176,804,433
foto07338.png,706,392,740,413
foto07367.png,463,368,557,438
foto07396.png,587,355,644,397
foto07425.png,620,348,647,375
foto07454.png,558,346,579,369
foto07483.png,633,353,676,388
foto14356.png,592,303,668,361
foto14385.png,548,320,606,357
foto14414.png,533,278,572,317
foto14443.png,580,205,615,243
foto14472.png,608,392,640,427
foto14501.png,472,326,498,350
foto14530.png,550,318,564,331
foto14559.png,628,315,651,332
foto14588.png,643,325,665,338
foto14617.png,654,392,676,408
foto14646.png,612,339,636,358
foto14675.png,615,338,646,363
foto14704.png,493,335,599,419
foto14733.png,507,306,605,405
foto14762.png,575,413,680,498
foto14791.png,634,429,755,521
foto14820.png,632,510,778,600
foto14849.png,643,517,757,606
foto14878.png,564,275,689,389
moto00030.png,694,285,970,518
moto00059.png,548,140,887,361
moto00088.png,589,190,905,418
moto00900.png,421,150,1047,670
moto00929.png,433,235,1016,720
moto00958.png,382,191,973,720
moto01799.png,613,74,920,296
moto01828.png,564,85,1130,527
moto01857.png,498,147,1061,632
moto01886.png,452,61,1042,606
moto01915.png,476,69,1050,613
moto01944.png,455,70,1040,593
moto01973.png,519,43,1065,562
moto02002.png,584,1,983,564
moto02031.png,469,27,1127,592
moto02060.png,633,1,1161,521
moto02379.png,597,98,941,327
moto02408.png,602,68,943,296
moto02437.png,616,117,920,324
moto02466.png,614,145,915,345
moto02495.png,618,157,918,353
moto02524.png,612,170,916,361
moto02553.png,613,164,904,376
moto02582.png,623,175,913,370
moto03278.png,669,1,979,247
moto03336.png,690,110,1032,403
moto03423.png,629,46,970,298
moto03452.png,647,27,984,274
moto03481.png,652,28,986,271
moto03510.png,680,10,1030,246
moto03626.png,764,177,1062,355
moto03771.png,618,108,954,327
moto03800.png,646,62,1007,298
moto03829.png,648,64,1011,296
moto03858.png,637,42,1007,282
moto03887.png,626,36,993,274
moto03916.png,634,33,997,271
moto03945.png,648,47,1008,286
moto03974.png,625,64,979,285
moto04003.png,626,39,984,281
moto04090.png,642,53,993,279
moto04119.png,648,55,966,261
moto04612.png,678,1,1023,372
moto04641.png,693,19,1021,392
moto04670.png,676,12,1027,369
moto04699.png,659,3,1004,375
moto04728.png,660,1,1004,363
moto05337.png,606,1,1025,335
moto05366.png,616,1,994,307
moto05743.png,607,1,976,305
moto05772.png,562,1,968,306
moto05801.png,566,1,973,295
moto05830.png,559,1,966,307
moto07425.png,688,1,1090,389
moto07512.png,680,32,1233,295
moto07657.png,680,35,1037,249
moto07686.png,627,32,1066,347
moto07860.png,632,171,1021,488
moto07889.png,630,114,1105,538
moto07918.png,462,103,943,526
moto08295.png,527,82,1015,520
moto08324.png,501,92,969,518
moto08962.png,597,231,962,493
moto10528.png,434,75,787,310
moto11166.png,548,472,819,625
moto11195.png,568,419,828,589
moto11601.png,358,321,1079,699
moto11630.png,371,301,1097,701
moto11659.png,452,278,1116,720
moto11688.png,446,276,1113,720
moto11717.png,480,256,1116,720
moto11746.png,562,197,1133,720
moto11891.png,565,253,842,441
moto12152.png,422,133,997,681
moto12442.png,591,363,847,514
moto12500.png,521,176,841,343
moto13080.png,1,57,497,227
moto13109.png,411,426,823,720
moto14211.png,570,251,884,385
moto14240.png,572,175,834,357
moto15458.png,476,325,641,412
moto15487.png,621,229,741,279
moto15516.png,708,195,820,239
moto15545.png,687,67,815,149
moto15574.png,679,338,793,400
moto15603.png,682,349,876,450
moto15690.png,791,413,1052,550
moto15922.png,634,163,1216,561
moto15951.png,727,239,1034,434
moto15980.png,987,500,1116,613
moto16009.png,827,334,956,453
moto16038.png,347,191,861,381
moto16067.png,602,10,735,64
moto16096.png,762,225,844,270
moto16125.png,902,393,965,439
moto16154.png,848,246,915,288
moto16183.png,790,79,916,146
moto16212.png,994,161,1158,253
moto16241.png,1107,155,1201,211
moto16357.png,591,354,647,379
moto16444.png,640,342,859,551
pic_001.jpg,5,93,493,405
pic_002.jpg,18,103,417,338
pic_003.jpg,267,405,2230,1413
pic_004.jpg,24,31,404,232
pic_005.jpg,52,323,1118,846
pic_006.jpg,165,360,1886,1512
pic_007.jpg,75,642,2500,1929
pic_008.jpg,33,120,335,263
pic_009.jpg,315,840,4119,2479
pic_010.jpg,43,158,1500,837
pic_011.jpg,14,91,794,451
pic_013.jpg,4,128,280,267
pic_014.jpg,42,31,784,425
pic_015.jpg,32,81,266,202
pic_016.jpg,1,13,500,251
pic_017.jpg,23,33,333,179
pic_018.jpg,13,12,500,198
pic_019.jpg,55,200,1105,884
pic_020.jpg,26,85,356,229
pic_021.jpg,37,35,609,257
pic_022.jpg,1058,707,2047,1192
pic_023.jpg,362,119,1160,563
pic_024.jpg,132,45,694,311
pic_026.jpg,74,84,526,526
pic_027.jpg,74,167,477,379
pic_028.jpg,54,155,1472,737
pic_029.jpeg,6,135,446,314
pic_030.jpg,3,44,343,295
pic_031.jpg,64,185,1000,816
pic_032.jpg,8,33,431,323
pic_035.jpg,6,34,1712,1289
pic_036.jpg,19,87,283,209
pic_037.jpg,16,73,273,220
pic_038.png,7,95,1200,526
pic_039.jpg,26,103,1000,628
pic_042.png,13,22,275,200
pic_043.jpg,49,237,849,678
pic_044.jpg,39,261,459,481
pic_045.jpg,47,42,450,254
pic_047.JPG,24,208,787,566
pic_048.jpg,12,231,777,549
pic_049.jpg,9,204,770,568
pic_050.jpg,26,146,352,349
pic_051.jpg,8,189,598,445
pic_052.jpg,24,222,1499,691
pic_053.jpg,1,14,499,304
pic_054.jpg,32,34,552,257
pic_055.jpg,44,224,1111,852
pic_056.jpg,143,82,693,414
pic_057.jpg,65,69,1134,406
pic_058.jpg,173,335,2210,1529
pic_059.jpg,13,57,290,198
pic_060.jpg,177,50,993,573
pic_061.jpg,74,219,1187,941
pic_062.jpg,5,11,297,297
pic_063.jpg,17,76,774,415
pic_064.jpg,18,77,290,221
pic_065.jpg,33,78,711,314
pic_066.jpg,44,112,553,275
pic_067.png,102,208,709,576
pic_068.jpg,117,17,742,311
pic_069.jpeg,19,76,988,922
pic_070.jpeg,88,352,1990,1098
pic_071.jpg,29,30,992,298
pic_073.jpg,9,120,277,292
pic_074.jpg,17,169,800,559
pic_075.PNG,17,78,601,351
pic_076.jpg,25,241,479,514
pic_077.jpg,6,95,360,260
pic_078.jpg,42,34,648,295
pic_079.jpg,57,358,1188,938
pic_080.jpg,2,205,999,689
pic_081.jpg,33,77,276,221
pic_082.jpg,115,408,1897,1493
pic_083.jpg,106,132,763,377
pic_084.jpg,14,140,584,392
pic_085.jpg,204,21,694,403
pic_086.jpeg,17,268,1171,770
pic_087.jpg,73,24,986,534
pic_088.jpg,39,376,992,671
pic_089.jpeg,7,32,353,240
pic_090.jpeg,50,279,1293,774
pic_092.jpg,943,471,4080,2775
pic_093.jpg,52,163,587,387
pic_094.jpg,104,376,962,668
pic_095.jpeg,6,137,600,406
pic_096.jpg,73,70,1009,402
pic_097.jpg,8,73,707,454
pic_098.jpg,13,15,494,264
pic_099.jpeg,10,219,577,432
pic_100.jpg,9,85,273,218
pic_1000.png,421,64,464,92
pic_1001.jpg,240,316,501,443
pic_1003.jpg,78,112,725,444
pic_1004.jpg,57,80,944,492
pic_1005.jpg,1,27,250,209
pic_1008.jpg,1,3,600,334
pic_1009.jpg,20,87,339,251
pic_101.jpg,8,121,413,333
pic_1010.jpg,212,140,477,372
pic_1013.jpg,194,83,500,233
pic_1014.jpg,5,40,620,340
pic_1020.jpg,25,28,209,120
pic_1025.jpg,169,151,862,438
pic_1026.jpg,125,238,537,426
pic_1027.jpg,8,13,601,348
pic_1028.jpg,810,36,1589,665
pic_103.jpg,32,113,731,609
pic_1032.jpg,91,15,548,426
pic_1033.jpg,56,74,247,131
pic_1034.jpg,47,65,741,433
pic_1036.jpg,370,275,593,318
pic_104.jpg,9,236,1188,773
pic_1042.jpg,152,153,349,229
pic_1043.jpg,314,429,1187,722
pic_1044.jpg,2,55,460,226
pic_1046.jpg,1,1,625,257
pic_1047.jpg,456,345,949,553
pic_1048.jpeg,85,71,377,248
pic_1049.jpg,105,97,607,278
pic_105.jpg,32,269,976,584
pic_1050.png,14,109,399,269
pic_1054.png,88,109,237,170
pic_1056.jpg,269,18,560,182
pic_1057.jpg,944,89,1440,447
pic_1059.jpg,11,61,474,266
pic_106.jpg,13,172,1012,595
pic_1060.jpg,5,65,370,176
pic_1068.jpg,116,146,422,532
pic_107.jpg,690,823,4372,2489
pic_1070.jpeg,207,150,766,590
pic_1074.png,198,51,632,371
pic_1075.jpg,571,232,776,309
pic_1076.png,55,22,578,165
pic_108.jpeg,63,80,330,176
pic_1080.jpg,130,77,318,168
pic_1082.jpg,67,37,379,200
pic_1090.jpg,52,11,1600,1184
pic_1091.jpg,26,161,460,331
pic_1093.jpg,4,30,312,138
pic_1095.jpg,479,278,921,645
pic_1096.jpg,74,28,519,368
pic_110.jpg,41,81,588,558
pic_1102.jpg,10,144,599,356
pic_1104.jpg,39,47,480,297
pic_1105.jpg,1770,1176,2208,1453
pic_1106.jpg,142,156,606,328
pic_1107.png,15,29,369,151
pic_111.jpg,251,159,968,458
pic_1110.png,687,714,1367,1295
pic_1112.jpg,110,36,845,430
pic_1113.jpg,157,50,1472,1022
pic_1117.jpg,148,46,646,266
pic_112.jpg,68,207,674,504
pic_1121.jpg,102,153,218,204
pic_1127.jpg,219,38,287,81
pic_1130.jpg,93,171,1092,612
pic_1133.jpg,196,38,1168,711
pic_1135.jpg,166,97,530,277
pic_1136.png,919,132,1065,239
pic_1139.jpg,78,171,719,370
pic_114.png,20,50,989,481
pic_1140.png,174,199,343,261
pic_1143.jpg,207,57,363,178
pic_1144.jpg,12,92,996,616
pic_1146.jpg,23,6,285,159
pic_1148.jpg,120,39,866,408
pic_115.jpg,87,218,495,379
pic_1150.jpg,359,264,659,391
pic_1152.png,419,21,958,251
pic_1154.jpg,302,309,989,746
pic_1155.jpg,18,192,558,322
pic_1156.jpg,252,434,986,817
pic_1157.jpg,16,210,697,415
pic_1159.jpg,3,175,296,386
pic_116.jpg,128,94,430,243
pic_1161.jpg,46,10,309,139
pic_1162.jpg,17,27,423,351
pic_1165.jpeg,77,449,569,683
pic_1166.jpg,97,93,470,419
pic_1167.JPG,15,43,865,574
pic_1168.jpg,62,194,733,435
pic_1169.jpg,125,113,378,348
pic_117.jpg,15,113,446,341
pic_1170.png,32,128,380,260
pic_1172.jpg,24,9,1492,695
pic_1174.jpeg,200,49,317,135
pic_118.jpg,57,77,634,301
pic_120.jpg,21,10,363,159
pic_121.jpg,20,158,505,313
pic_122.jpeg,36,119,823,866
pic_123.jpg,12,158,592,348
pic_124.png,238,20,1579,666
pic_125.jpg,232,444,1807,822
pic_126.jpeg,122,174,299,257
pic_127.jpg,41,29,569,465
pic_128.jpg,7,23,790,556
pic_129.jpg,48,145,550,448
pic_130.jpg,51,34,429,179
pic_131.jpg,22,19,585,149
pic_132.jpg,52,177,665,520
pic_133.jpg,109,351,911,587
pic_134.jpeg,9,46,151,125
pic_135.png,6,140,503,276
pic_137.jpg,5,70,262,204
pic_138.jpeg,16,104,321,213
pic_140.jpg,89,42,689,286
pic_141.jpg,59,28,1657,670
pic_142.jpg,386,104,705,265
pic_143.jpg,24,59,224,150
pic_144.jpg,17,214,797,603
pic_145.jpg,11,183,479,318
pic_146.jpg,67,394,1235,722
pic_147.png,54,163,612,386
pic_148.jpg,7,57,225,179
pic_149.jpg,40,346,773,626
pic_150.jpg,56,198,294,260
pic_151.jpg,11,15,489,186
pic_152.jpg,93,123,541,348
pic_153.jpg,13,45,258,217
pic_154.jpg,81,25,548,177
pic_155.jpg,262,56,2453,1071
pic_156.jpg,40,156,1936,1904
pic_158.jpg,350,62,1142,562
pic_159.jpg,1,120,433,315
pic_161.jpeg,19,8,832,303
pic_162.jpg,50,84,753,393
pic_164.jpg,30,157,739,502
pic_165.jpg,191,205,1036,778
pic_167.jpg,162,131,775,414
pic_169.jpg,37,174,593,437
pic_170.jpg,4,83,279,329
pic_171.JPG,52,90,556,496
pic_172.jpeg,315,369,675,596
pic_173.jpg,21,176,975,517
pic_174.png,55,26,1458,578
pic_175.jpg,52,100,588,217
pic_176.JPG,64,20,721,458
pic_177.jpg,32,255,987,520
pic_179.jpeg,6,107,360,259
pic_180.jpg,24,128,880,859
pic_181.jpeg,13,134,595,378
pic_182.jpg,71,225,967,558
pic_183.jpg,59,289,572,495
pic_184.jpg,117,57,512,294
pic_185.jpg,19,47,2520,968
pic_186.jpg,26,31,274,256
pic_187.jpg,19,175,1076,651
pic_188.jpg,133,82,712,406
pic_189.jpg,205,526,1607,772
pic_190.jpg,141,74,767,461
pic_192.png,253,36,803,274
pic_193.jpg,587,12,1515,450
pic_194.jpg,139,68,989,501
pic_195.jpg,632,594,964,872
pic_196.jpg,8,224,1000,640
pic_197.jpg,326,189,883,380
pic_198.jpg,63,23,451,218
pic_200.jpg,24,95,488,338
pic_201.jpeg,16,23,600,225
pic_203.jpg,48,58,565,281
pic_204.jpeg,68,76,721,295
pic_205.jpg,3,100,600,439
pic_206.jpg,10,116,453,329
pic_207.jpg,1,103,178,174
pic_208.jpg,98,200,694,378
pic_209.jpg,138,31,576,206
pic_211.jpg,20,201,1025,980
pic_212.jpg,49,128,1214,865
pic_213.jpg,64,223,1356,709
pic_214.jpeg,8,379,1300,1222
pic_215.png,10,68,1355,446
pic_217.jpg,9,41,268,177
pic_218.jpg,61,55,317,162
pic_219.jpg,88,12,546,338
pic_220.png,33,90,1022,424
pic_221.jpg,10,8,687,253
pic_222.jpg,34,400,1976,1525
pic_223.png,12,2,994,702
pic_224.jpg,20,28,594,312
pic_225.JPG,3,69,292,229
pic_226.jpg,3,146,280,283
pic_227.jpg,6,10,318,104
pic_229.jpg,28,41,726,375
pic_230.jpg,295,268,1324,671
pic_232.jpg,233,44,836,448
pic_234.jpg,17,120,598,393
pic_235.jpg,104,203,392,362
pic_237.jpg,46,15,646,212
pic_238.jpg,170,33,664,272
pic_239.jpg,90,196,740,414
pic_240.jpg,191,132,411,231
pic_241.jpg,1,213,639,424
pic_242.jpg,146,275,883,719
pic_243.jpg,3,112,490,389
pic_244.png,3,38,549,310
pic_245.jpg,141,53,502,227
pic_247.jpg,128,188,753,442
pic_248.jpg,31,43,213,149
pic_249.jpg,299,291,717,460
pic_250.jpg,284,68,736,213
pic_251.png,7,21,763,295
pic_252.jpg,112,70,648,249
pic_253.jpg,2,7,498,222
pic_254.png,25,150,447,296
pic_256.jpg,144,37,711,327
pic_257.jpg,257,456,2782,1317
pic_258.jpg,342,659,4620,1952
pic_259.jpg,390,316,702,408
pic_260.jpg,47,78,579,235
pic_262.jpg,6,21,300,135
pic_263.png,29,83,232,179
pic_264.jpg,4,77,994,803
pic_265.Jpeg,8,2,606,220
pic_266.jpg,7,125,220,257
pic_267.jpg,21,1,680,242
pic_268.jpg,44,228,1107,868
pic_269.jpg,131,256,1873,937
pic_271.jpg,158,7,505,239
pic_272.jpg,11,115,1142,799
pic_273.jpg,18,50,300,223
pic_274.jpg,24,42,423,376
pic_275.jpg,218,25,577,324
pic_276.png,280,90,646,203
pic_277.png,1,6,339,174
pic_278.jpg,120,167,997,601
pic_279.jpg,383,114,1199,420
pic_280.jpg,140,80,461,218
pic_281.jpg,14,70,736,243
pic_283.jpg,215,56,793,328
pic_284.jpg,202,58,1201,921
pic_285.jpg,160,23,552,279
pic_286.png,52,20,477,181
pic_287.jpg,23,119,474,375
pic_289.jpg,58,116,897,368
pic_290.png,36,66,574,405
pic_292.jpg,38,40,1479,927
pic_293.jpg,21,162,485,343
pic_294.jpg,13,155,491,346
pic_295.jpg,62,50,429,221
pic_296.jpg,214,500,2288,1096
pic_297.jpg,13,269,1000,713
pic_298.jpeg,3,408,1845,1216
pic_299.jpg,118,187,965,407
pic_300.jpeg,246,143,1011,595
pic_301.jpg,5,52,237,201
pic_303.jpg,67,58,571,228
pic_304.jpg,100,249,672,390
pic_306.jpg,119,100,774,436
pic_307.png,144,13,825,243
pic_308.jpg,140,22,475,328
pic_309.jpg,162,84,1083,397
pic_310.jpg,10,152,796,677
pic_311.jpg,42,34,785,255
pic_312.jpg,45,85,713,328
pic_313.jpg,90,39,469,320
pic_314.jpg,20,178,1500,1060
pic_315.png,20,150,640,487
pic_316.jpg,235,121,637,353
pic_317.jpg,32,45,698,265
pic_318.jpg,54,10,717,395
pic_319.jpg,122,437,1936,1460
pic_320.jpg,6,18,602,208
pic_321.jpg,97,140,887,476
pic_322.jpg,414,50,1159,344
pic_323.jpg,87,49,303,171
pic_324.jpg,4,63,280,357
pic_325.png,145,81,693,275
pic_327.jpg,56,64,472,308
pic_328.jpg,191,94,384,201
pic_329.png,329,195,701,463
pic_330.png,148,25,1264,969
pic_331.jpg,1190,1211,4495,2429
pic_332.jpeg,32,114,402,305
pic_333.jpg,8,55,145,133
pic_337.jpg,31,57,305,256
pic_338.jpg,57,100,396,302
pic_339.jpg,33,113,289,232
pic_340.jpg,12,91,272,222
pic_341.jpg,61,30,651,303
pic_342.jpg,200,130,1198,538
pic_343.jpg,42,248,800,525
pic_344.png,6,47,987,281
pic_345.jpg,66,153,789,321
pic_346.jpg,123,23,473,234
pic_348.jpg,38,39,742,483
pic_349.jpg,24,101,399,273
pic_350.jpg,1,7,851,402
pic_351.jpg,239,132,1538,508
pic_352.jpg,82,30,960,511
pic_353.jpg,93,50,596,308
pic_354.jpg,11,173,612,366
pic_356.jpg,12,218,799,631
pic_357.jpeg,256,247,805,706
pic_360.jpg,13,12,500,189
pic_361.jpeg,82,192,393,369
pic_362.png,153,34,593,323
pic_363.jpg,109,63,569,286
pic_365.jpg,1,65,1024,515
pic_367.png,15,31,298,110
pic_368.jpg,68,9,589,206
pic_370.jpg,123,194,925,424
pic_371.JPG,1,9,362,433
pic_372.jpg,174,108,535,314
pic_373.jpg,14,194,799,371
pic_375.jpg,593,323,3412,1941
pic_376.jpg,1,13,243,234
pic_378.jpg,40,140,1140,530
pic_379.jpg,12,40,585,279
pic_380.jpg,107,16,684,259
pic_382.jpg,70,124,787,496
pic_384.jpg,256,251,2397,810
pic_385.jpg,52,54,321,239
pic_386.jpg,246,170,587,285
pic_387.jpg,5,81,297,227
pic_388.jpeg,6,15,350,354
pic_389.jpg,564,486,1682,739
pic_390.png,709,158,1946,651
pic_393.jpg,343,73,999,283
pic_394.jpg,11,58,270,157
pic_396.png,156,103,1113,456
pic_397.jpg,288,213,907,478
pic_398.jpg,85,84,501,198
pic_401.jpg,173,22,367,170
pic_402.jpg,14,51,239,189
pic_403.jpg,695,104,787,157
pic_406.jpg,203,175,791,336
pic_407.jpg,30,7,364,210
pic_408.jpg,12,19,463,255
pic_410.png,365,30,486,136
pic_411.jpg,64,182,1031,379
pic_413.jpg,40,79,446,281
pic_414.jpg,76,58,330,121
pic_415.jpg,43,90,963,496
pic_416.jpg,26,170,1024,486
pic_417.jpg,113,39,329,187
pic_418.jpg,14,38,351,223
pic_419.jpg,34,84,558,285
pic_420.jpg,348,60,700,140
pic_421.jpg,23,222,751,581
pic_422.jpg,1038,537,2896,1279
pic_424.jpg,9,161,494,345
pic_426.jpg,2,32,502,330
pic_427.jpg,10,13,293,156
pic_428.jpg,39,30,366,191
pic_429.jpg,3,59,599,241
pic_432.jpg,25,110,399,318
pic_433.jpg,13,45,491,479
pic_434.jpg,291,86,490,197
pic_435.jpg,3,11,234,228
pic_436.jpg,10,113,799,429
pic_437.jpg,142,34,663,266
pic_439.jpg,31,30,152,99
pic_440.jpg,615,74,1387,366
pic_441.jpg,53,302,792,506
pic_442.png,2,21,768,254
pic_443.jpg,44,92,262,200
pic_444.jpeg,79,84,715,410
pic_445.jpg,28,97,505,276
pic_447.jpg,36,150,369,274
pic_448.png,94,61,607,229
pic_449.jpg,38,38,572,238
pic_450.jpg,354,10,485,60
pic_451.jpg,13,40,272,165
pic_452.jpg,97,135,542,315
pic_453.jpg,80,493,2000,1493
pic_454.jpg,49,79,1200,611
pic_455.jpg,101,55,667,295
pic_456.jpg,156,126,368,231
pic_457.jpg,31,138,653,505
pic_460.jpg,362,38,778,332
pic_461.jpg,66,62,1024,545
pic_464.jpg,69,41,935,455
pic_466.jpg,68,160,947,545
pic_467.jpg,6,156,280,276
pic_468.jpg,51,34,292,126
pic_469.png,35,169,1370,827
pic_470.jpg,37,52,589,311
pic_471.jpg,30,216,800,527
pic_472.png,22,80,566,351
pic_474.jpg,184,20,612,159
pic_475.jpg,94,70,277,131
pic_476.jpg,49,38,720,337
pic_477.JPG,38,179,1011,839
pic_478.jpg,3,59,266,206
pic_480.jpg,69,111,350,273
pic_481.jpg,14,284,649,504
pic_482.jpg,454,728,2854,1300
pic_484.jpg,2,81,300,221
pic_485.jpg,31,230,800,556
pic_486.jpg,4,56,443,296
pic_487.jpg,26,78,176,152
pic_488.jpg,113,84,603,261
pic_489.jpg,10,32,429,182
pic_491.png,27,26,349,128
pic_492.jpg,152,53,512,379
pic_493.png,127,161,795,355
pic_495.jpg,703,464,892,559
pic_497.jpg,30,187,981,613
pic_498.jpeg,19,178,549,343
pic_499.jpg,20,110,596,229
pic_500.jpg,67,134,375,312
pic_501.jpg,80,313,989,706
pic_502.jpg,231,56,577,226
pic_504.jpg,45,24,1192,267
pic_505.jpg,32,194,1250,557
pic_506.jpg,31,3,268,114
pic_507.jpg,106,210,1194,418
pic_509.jpg,120,154,1396,763
pic_510.jpg,579,202,803,309
pic_511.jpg,402,120,761,218
pic_513.jpg,26,11,1024,207
pic_514.jpg,199,52,510,166
pic_515.jpg,300,41,568,122
pic_516.jpg,57,20,653,145
pic_517.jpg,497,82,659,154
pic_518.png,64,115,200,172
pic_519.jpg,137,118,639,253
pic_521.jpg,427,64,615,162
pic_522.jpg,9,151,489,346
pic_523.jpg,1,6,800,222
pic_524.jpg,9,29,393,258
pic_525.jpg,55,24,195,149
pic_526.jpg,14,75,500,429
pic_529.jpg,27,30,201,94
pic_531.jpg,22,135,492,417
pic_532.jpg,236,206,451,329
pic_534.jpg,65,143,562,309
pic_535.jpeg,56,56,386,310
pic_536.jpg,18,56,351,297
pic_537.jpg,64,28,376,215
pic_539.jpg,54,9,704,261
pic_542.jpg,32,109,989,626
pic_543.jpg,9,70,295,217
pic_544.jpg,1,33,237,141
pic_545.jpg,141,72,927,267
pic_546.jpg,89,260,1356,623
pic_547.png,24,20,630,127
pic_548.jpg,145,149,2004,1428
pic_549.jpeg,30,44,324,312
pic_550.jpg,56,211,963,736
pic_551.jpg,28,18,486,233
pic_552.jpg,269,75,567,246
pic_554.jpg,86,510,2000,1465
pic_555.jpg,14,16,595,203
pic_556.jpg,10,79,360,194
pic_557.jpg,23,158,640,410
pic_559.png,131,106,617,358
pic_560.jpg,123,139,684,396
pic_561.jpg,49,262,1241,686
pic_562.jpg,29,88,702,439
pic_563.jpg,56,75,992,538
pic_564.jpg,53,296,981,676
pic_566.jpg,233,117,487,215
pic_567.jpg,109,54,517,148
pic_568.jpg,157,9,455,148
pic_569.png,32,12,541,232
pic_570.jpg,23,58,485,301
pic_571.jpg,15,16,298,111
pic_573.jpg,59,88,787,361
pic_574.jpg,10,136,494,373
pic_575.jpeg,34,71,603,333
pic_647.jpg,21,74,578,291
pic_648.jpg,125,203,1116,578
pic_649.jpg,2,12,423,193
pic_650.jpg,25,164,680,501
pic_651.jpg,4,326,1024,884
pic_652.jpg,28,81,582,263
pic_653.jpg,33,60,388,210
pic_654.jpg,7,74,500,275
pic_655.jpg,28,91,437,253
pic_656.PNG,61,75,927,372
pic_657.jpg,11,93,640,567
pic_658.jpg,9,139,891,488
pic_659.jpg,7,79,344,251
pic_660.jpg,1,105,500,254
pic_661.jpg,3,76,450,596
pic_662.jpg,8,31,479,355
pic_663.jpg,1,31,300,200
pic_664.jpg,23,135,469,361
pic_665.jpg,1,69,350,231
pic_666.jpg,10,8,886,460
pic_667.jpg,1,25,142,157
pic_668.jpg,6,1,485,239
pic_669.jpg,18,70,1536,1113
pic_670.jpg,19,7,956,805
pic_671.jpeg,4,30,620,760
pic_672.jpg,3,72,720,212
pic_673.png,7,6,650,235
pic_674.jpg,1,1,500,331
pic_675.jpg,22,20,497,265
pic_676.jpg,53,46,670,355
pic_677.jpg,7,50,770,571
pic_678.jpg,17,23,551,381
pic_680.jpg,23,71,702,448
pic_681.png,87,20,901,383
pic_682.png,60,47,686,282
pic_683.jpg,21,89,468,255
pic_684.jpg,12,207,599,335
pic_685.png,4,6,1084,305
pic_686.jpeg,317,423,1300,712
pic_688.jpg,32,50,784,416
pic_689.jpg,116,68,536,274
pic_690.jpg,35,56,463,250
pic_691.jpeg,12,16,626,393
pic_692.jpg,3,50,581,373
pic_695.png,7,8,640,236
pic_696.jpg,92,203,1138,529
pic_697.jpeg,5,49,700,357
pic_698.png,6,30,279,182
pic_699.jpg,43,64,548,281
pic_700.jpg,155,1,273,56
pic_701.png,2,41,885,439
pic_702.jpg,129,182,804,631
pic_703.jpeg,37,86,330,216
pic_704.png,2,39,543,317
pic_705.jpg,24,68,997,440
pic_706.jpg,3,248,437,763
pic_707.jpg,113,95,305,262
pic_708.jpg,98,29,900,725
pic_710.jpg,691,275,1794,630
pic_711.jpg,24,142,300,379
pic_712.jpg,37,79,1012,364
pic_714.jpg,3,37,974,967
pic_715.jpg,414,11,1194,429
pic_717.jpg,70,106,678,426
pic_718.png,137,115,545,349
pic_719.jpg,45,442,1200,1444
pic_720.jpg,89,163,1097,580
pic_721.jpg,60,95,798,379
pic_722.jpg,47,216,982,668
pic_723.jpg,211,188,1004,794
pic_724.jpg,3,121,249,248
pic_725.jpg,169,194,1837,667
pic_726.jpg,9,123,849,504
pic_727.jpg,34,31,478,274
pic_728.jpg,130,1,664,298
pic_729.jpg,20,79,860,452
pic_730.png,7,14,284,222
pic_733.jpg,386,373,1742,858
pic_735.png,90,106,988,537
pic_736.jpg,63,25,692,379
pic_737.jpg,534,163,959,400
pic_738.jpg,4,39,177,140
pic_739.jpg,127,84,633,292
pic_740.jpg,15,21,933,546
pic_741.jpg,136,90,1148,623
pic_743.png,89,67,963,381
pic_744.jpg,261,156,650,359
pic_746.jpg,30,117,1080,708
pic_747.jpg,1,71,423,323
pic_749.jpeg,28,46,268,166
pic_750.jpg,22,333,1500,1089
pic_752.png,10,70,280,247
pic_754.jpg,212,245,1172,597
pic_755.jpg,120,93,739,496
pic_757.jpg,1,8,955,606
pic_759.jpg,29,206,603,404
pic_761.jpg,22,34,989,895
pic_762.jpg,124,80,912,637
pic_763.jpg,117,201,1186,614
pic_765.jpg,99,270,731,624
pic_766.jpg,861,339,1475,584
pic_767.jpg,57,58,601,286
pic_770.jpg,28,21,570,362
pic_772.jpg,55,74,480,462
pic_773.jpg,182,140,378,259
pic_774.png,47,218,1000,561
pic_775.jpg,67,39,988,650
pic_776.jpg,240,170,779,768
pic_778.jpg,33,2,1024,566
pic_780.jpg,172,168,638,335
pic_781.jpg,117,78,1399,658
pic_782.jpg,65,307,1049,770
pic_785.png,56,102,349,225
pic_786.jpg,30,110,829,429
pic_787.jpg,433,220,1196,760
pic_789.jpg,20,151,482,332
pic_790.jpg,1,14,200,195
pic_792.png,270,110,1572,606
pic_794.png,6,1,476,275
pic_797.jpg,27,74,608,535
pic_798.jpg,220,21,732,224
pic_799.jpg,128,272,793,687
pic_801.jpg,11,125,1000,302
pic_802.jpg,337,119,636,269
pic_804.jpg,7,362,355,499
pic_806.png,32,32,367,218
pic_808.jpg,4,27,275,206
pic_810.jpg,38,96,1173,922
pic_811.jpg,21,50,369,231
pic_812.jpg,290,7,1280,343
pic_813.jpg,29,19,397,188
pic_814.jpeg,1,20,640,255
pic_815.jpg,68,82,886,614
pic_817.jpg,108,22,455,193
pic_818.jpg,381,98,661,258
pic_820.jpg,165,108,794,422
pic_821.jpg,2,76,575,671
pic_822.png,810,155,1014,303
pic_823.jpg,419,245,3381,1862
pic_826.png,103,121,959,616
pic_828.jpg,1,1,947,673
pic_831.jpg,148,36,489,188
pic_833.jpg,13,68,245,168
pic_834.jpg,5,167,640,408
pic_835.jpg,35,2,390,191
pic_836.jpg,59,79,441,312
pic_837.jpg,1130,868,1900,1477
pic_838.jpg,224,411,871,644
pic_839.jpg,193,56,563,329
pic_841.png,64,48,265,224
pic_842.jpg,1,9,232,108
pic_843.jpg,111,146,595,318
pic_844.png,6,14,346,115
pic_845.jpg,86,162,495,394
pic_846.jpg,107,111,496,191
pic_849.jpg,94,176,703,389
pic_852.jpg,53,214,918,444
pic_854.jpg,1597,938,2301,1212
pic_856.jpg,103,160,834,460
pic_857.png,50,167,737,412
pic_858.png,94,179,602,415
pic_859.jpg,4,86,356,220
pic_861.jpg,14,174,408,287
pic_862.jpg,58,97,1455,512
pic_863.jpg,143,192,855,412
pic_867.jpg,13,89,724,483
pic_868.jpg,55,75,686,230
pic_869.jpg,5,65,461,347
pic_870.jpg,124,50,288,182
pic_871.jpg,389,111,968,359
pic_875.jpg,86,78,369,256
pic_878.JPG,106,270,2448,1888
pic_880.jpg,1005,302,1067,356
pic_882.jpg,31,313,705,764
pic_883.jpg,43,175,1167,504
pic_884.jpg,608,17,1044,270
pic_885.jpg,394,60,1707,1269
pic_887.jpg,16,130,492,290
pic_888.jpg,21,461,234,630
pic_890.jpg,202,163,449,250
pic_892.jpg,778,39,1658,465
pic_893.JPG,89,49,920,529
pic_896.jpg,477,7,1233,264
pic_898.jpg,6,13,349,344
pic_899.jpg,41,16,390,134
pic_901.jpg,442,156,1128,713
pic_904.jpg,286,172,1068,700
pic_905.jpg,3,2,269,157
pic_906.jpg,7,24,300,186
pic_909.jpg,65,40,1259,415
pic_910.jpg,73,184,765,604
pic_911.png,4,77,279,257
pic_912.jpg,38,131,271,289
pic_914.jpg,143,241,912,499
pic_915.jpg,118,303,1982,1116
pic_917.png,89,27,928,273
pic_918.jpg,55,68,999,722
pic_921.png,242,91,353,151
pic_924.jpg,57,21,576,249
pic_927.jpg,113,69,421,257
pic_928.jpg,144,68,670,527
pic_930.jpg,25,114,800,486
pic_932.png,111,16,152,45
pic_935.jpg,30,29,448,211
pic_937.jpg,197,42,996,287
pic_939.png,137,101,800,511
pic_940.jpg,565,651,1825,1440
pic_942.jpg,307,38,946,480
pic_943.jpg,1482,88,1886,317
pic_945.jpg,3,14,350,341
pic_946.jpg,150,108,269,184
pic_950.jpg,139,446,642,602
pic_952.jpg,148,225,537,350
pic_953.jpg,7,116,264,210
pic_954.jpg,107,61,376,304
pic_957.jpg,240,40,588,277
pic_959.jpg,156,1,338,100
pic_961.jpeg,17,137,254,266
pic_962.jpg,209,3,479,310
pic_963.jpg,56,52,341,276
pic_964.jpg,48,213,592,565
pic_965.jpg,1,19,417,294
pic_966.jpg,231,45,663,197
pic_967.jpg,49,107,868,479
pic_970.jpg,661,210,1277,427
pic_971.jpg,442,61,548,110
pic_973.png,967,167,1032,207
pic_975.jpg,94,143,396,309
pic_976.JPG,1,121,359,451
pic_981.jpg,203,97,784,291
pic_982.jpg,171,182,404,294
pic_983.jpeg,365,395,490,491
pic_987.jpg,252,60,333,142
pic_991.png,22,82,845,257
pic_998.jpg,6,20,678,307
yoto00001.png,241,133,875,247
yoto00030.png,144,158,879,298
yoto00059.png,72,148,858,318
yoto00262.png,215,322,761,496
yoto00291.png,218,340,747,490
yoto00320.png,219,327,747,481
yoto00349.png,180,250,718,405
yoto00378.png,212,277,718,564
yoto00407.png,192,272,677,647
yoto00436.png,169,268,684,565
yoto00465.png,151,257,693,396
yoto00494.png,149,277,694,460
yoto00755.png,159,297,698,433
yoto00784.png,149,272,713,421
yoto00813.png,165,313,709,434
yoto00842.png,171,304,716,415
yoto00871.png,161,282,698,393
yoto00900.png,165,308,694,433
yoto00929.png,176,311,702,453
yoto00958.png,480,268,1108,410
yoto00987.png,465,246,1133,418
yoto01016.png,457,247,1156,389
yoto01045.png,237,70,920,600
yoto01074.png,250,74,926,608
yoto01103.png,239,68,912,613
yoto01132.png,249,72,922,603
yoto01161.png,261,89,919,611
yoto01190.png,244,84,915,590
yoto01219.png,172,319,696,419
yoto01248.png,137,312,655,442
yoto01277.png,127,328,641,503
yoto01306.png,150,319,646,482
yoto01335.png,150,319,671,445
yoto01364.png,122,42,834,620
yoto01393.png,107,58,814,624
yoto01422.png,75,56,785,615
yoto01451.png,118,95,1198,720
yoto02611.png,279,110,963,420
yoto02640.png,326,138,1036,386
yoto02669.png,215,132,1042,404
yoto02698.png,261,158,1062,411
yoto02727.png,293,142,1071,403
yoto02756.png,335,189,999,376
yoto02785.png,372,245,994,427
yoto02814.png,549,262,678,382
yoto02843.png,602,270,678,347
yoto02872.png,620,264,676,322
yoto02901.png,634,261,680,318
yoto02930.png,628,264,668,310
yoto02959.png,300,238,802,443
yoto02988.png,299,255,832,455
yoto03017.png,314,205,886,368
yoto03046.png,337,231,859,357
yoto03075.png,341,198,778,307
yoto04931.png,499,91,957,210
yoto04989.png,672,157,842,257
yoto05018.png,716,185,887,248
yoto05076.png,709,192,879,262
yoto05134.png,677,197,898,258
yoto05163.png,665,195,922,269
yoto05192.png,620,191,915,282
yoto06410.png,380,226,1133,406
yoto06439.png,354,190,1169,410
yoto06468.png,280,198,1139,382
yoto06497.png,232,145,1156,372
yoto09716.png,152,356,626,485
yoto10383.png,192,312,632,417
yoto10412.png,133,296,659,446
yoto10441.png,120,315,647,438
yoto10499.png,171,289,647,432
yoto10557.png,101,299,663,438
yoto10586.png,213,322,650,621
yoto10702.png,143,338,635,495
yoto10731.png,458,147,714,350
yoto10760.png,543,186,782,395
yoto10789.png,463,207,739,438
yoto10818.png,439,188,844,445
